id,document,metadata
60e75b13-3f5a-4f82-8d24-81d20685916a,Artificial intelligence is transforming how businesses operate across industries.,"{""source"": ""research_paper"", ""author"": ""Dr. Alex Johnson"", ""year"": 2023, ""keywords_str"": ""AI, business, transformation""}"
4154a88d-4209-425f-ac96-531cac241e38,Climate change poses significant risks to global food security and agricultural systems.,"{""source"": ""journal_article"", ""author"": ""Maria Rodriguez"", ""year"": 2022, ""keywords_str"": ""climate change, food security, agriculture""}"
bc3f39f4-cd72-4b1a-a6ef-c8f242cb5ba4,Quantum computing may revolutionize cryptography and threaten current encryption standards.,"{""source"": ""conference_paper"", ""author"": ""Dr. Sam Chen"", ""year"": 2023, ""keywords_str"": ""quantum computing, cryptography, encryption""}"
b11ee9ff-1eb3-4279-b77f-4405a3b93e3d,Renewable energy investments reached a record high in the past fiscal year.,"{""source"": ""financial_report"", ""author"": ""Green Energy Institute"", ""year"": 2024, ""keywords_str"": ""renewable energy, investments, finance""}"
fa885be9-8b0c-441a-bad5-e77d22d3b6f7,Machine learning models can detect early signs of medical conditions from patient data.,"{""source"": ""medical_journal"", ""author"": ""Dr. Lisa Brown"", ""year"": 2023, ""keywords_str"": ""machine learning, healthcare, diagnostics""}"
d46e5c92-78d0-4317-983c-330aaeed9570,Digital privacy concerns are increasing with the rise of facial recognition technology.,"{""source"": ""tech_blog"", ""author"": ""Privacy Watch"", ""year"": 2023, ""keywords_str"": ""privacy, facial recognition, technology""}"
d92ecf73-5b07-4f2c-99ec-24e16dcd84c9,Space exploration missions plan to establish a permanent lunar base within the decade.,"{""source"": ""space_agency_report"", ""author"": ""International Space Consortium"", ""year"": 2024, ""keywords_str"": ""space exploration, lunar base, astronomy""}"
67f31ec5-faf0-4eca-a1cf-5fbe40c655a6,Blockchain technology is being applied to supply chain management to improve transparency.,"{""source"": ""industry_whitepaper"", ""author"": ""Tech Solutions Inc."", ""year"": 2023, ""keywords_str"": ""blockchain, supply chain, transparency""}"
b54dfc6d-7a5d-46c0-9f5f-ef757ba5456a,Urban planning strategies are adapting to accommodate autonomous vehicles.,"{""source"": ""urban_studies_journal"", ""author"": ""City Planning Institute"", ""year"": 2023, ""keywords_str"": ""urban planning, autonomous vehicles, infrastructure""}"
369d17c4-8b6c-489b-942b-f378de7c1fba,Genetic editing techniques show promise for treating previously incurable diseases.,"{""source"": ""biotech_research"", ""author"": ""Dr. Emma Watson"", ""year"": 2024, ""keywords_str"": ""genetic editing, CRISPR, medical research""}"
